Casino,Safety,Category,Bonus,Available Games,Payment Method
BitStarz Casino,Safety Index:Very high,Big casino popular in EuropeExcellent reputation since its establishment in 2014Excellent reputation and many eGaming awardsBig casino popular in EuropeExcellent reputation since its establishment in 2014Excellent reputation and many eGaming awardsPopular progressive jackpot slots,125% up to $100 and 180 extra spins ($0.1/spin),"['Slots', 'Roulette', 'Blackjack', 'Video poker', 'Bingo', 'Baccarat', 'Jackpot games', 'Live games', 'Craps and dice', 'Keno', 'Scratch cards', 'Crash games']","['Neteller', 'Skrill', 'PaySafeCard', 'Payz (ecoPayz) ', 'VISA', 'Mastercard', 'SOFORT Überweisung', 'InstaDebit']"
Unibet Casino,Safety Index:High,One of the largest online gambling operators online since 1997Excellent reputation and many eGaming awardsMany restricted countriesOne of the largest online gambling operators online since 1997Excellent reputation and many eGaming awardsThe casino offers interesting promotions and tournamentsMany restricted countries,100% up to €150,"['Slots', 'Roulette', 'Blackjack', 'Betting', 'Video poker', 'Bingo', 'Baccarat', 'Jackpot games', 'Live games', 'Poker', 'Craps and dice', 'Keno', 'Scratch cards', 'eSports betting', 'Crash games']","['Skrill', 'Neteller', 'PaySafeCard', 'Payz (ecoPayz) ', 'Mastercard', 'VISA', 'iDEAL', 'Trustly']"
IceCasino,Safety Index:Very high,Good selection of game providersVarious responsible gambling options available5000 USD(or currency equivalent) monthly withdrawal limit for players who request a withdrawal 20 times larger than the total sum of their depositsInternational casinoGood selection of game providersVarious responsible gambling options available5000 USD(or currency equivalent) monthly withdrawal limit for players who request a withdrawal 20 times larger than the total sum of their deposits,120% up to €300 and 120 extra spins ($0.2/spin),"['Slots', 'Roulette', 'Blackjack', 'Video poker', 'Bingo', 'Baccarat', 'Jackpot games', 'Live games', 'Craps and dice', 'Keno', 'Scratch cards', 'Crash games']","['Skrill', 'Neteller', 'Payz (ecoPayz) ', 'VISA', 'Mastercard', 'Multibanco', 'Neosurf', 'Boleto Bancario']"
Adjarabet Casino,Safety Index:Very high,Land based casino with the same nameHigh withdrawal limitUntranslated content for some languagesBig casino popular in GeorgiaLand based casino with the same nameHigh withdrawal limitUntranslated content for some languages,N/A,"['Slots', 'Roulette', 'Blackjack', 'Betting', 'Video poker', 'Baccarat', 'Jackpot games', 'Live games', 'Poker', 'Keno', 'eSports betting']","['Neteller', 'Skrill', 'Payz (ecoPayz) ', 'VISA', 'Mastercard', 'PayBox.ge', 'Bank of Georgia', 'Liberty Bank']"
Gamdom Casino,Safety Index:Very high,Wide variety of live dealer gamesCasino accepts players from many countriesNot all of the terms and conditions are translated to the language option provided on the websiteBig casino popular in EuropeWide variety of live dealer gamesCasino accepts players from many countriesNot all of the terms and conditions are translated to the language option provided on the website,N/A,"['Slots', 'Roulette', 'Blackjack', 'Betting', 'Video poker', 'Bingo', 'Baccarat', 'Jackpot games', 'Live games', 'Craps and dice', 'Keno', 'Scratch cards', 'eSports betting', 'Crash games']","['PaySafeCard', 'Payz (ecoPayz) ', 'Mastercard', 'VISA', 'WebMoney', 'QiWi', 'PayPal', 'Trustly']"
Betvisa Casino,Safety Index:Very high,Mobile casino application for AndroidGood selection of gamesAbsenting of responsible gambling toolsBig international casinoMobile casino application for AndroidGood selection of gamesAbsenting of responsible gambling tools,100% up to 300 ₮,"['Slots', 'Roulette', 'Blackjack', 'Betting', 'Video poker', 'Bingo', 'Baccarat', 'Jackpot games', 'Live games', 'Craps and dice', 'Keno', 'Scratch cards', 'eSports betting', 'Crash games']","['AstroPay', 'Bank transfer', 'S99Pay', 'Maya', 'True Money', 'Help2Pay', 'NetBanking', 'UPI']"
Vulkan Vegas Casino,Safety Index:Very high,"Huge selection of game providersThe genuine and licensed Vulkan Vegas casinoNot all of the terms and conditions are translated to the language option provided on the websiteMonthly withdrawal limit for players who withdraw a sum of money equal to or greater than 20 times their lifetime deposits is €5,000Huge selection of game providersThe genuine and licensed Vulkan Vegas casinoNot all of the terms and conditions are translated to the language option provided on the website",120% up to €500 and 70 extra spins (€0.2/spin),"['Slots', 'Roulette', 'Blackjack', 'Video poker', 'Bingo', 'Baccarat', 'Jackpot games', 'Live games', 'Craps and dice', 'Keno', 'Scratch cards', 'Crash games']","['Skrill', 'Neteller', 'Payz (ecoPayz) ', 'VISA', 'Mastercard', 'Giropay', 'EPS', 'Trustly']"
Maria Casino,Safety Index:Very high,Popular progressive jackpot slotsNo withdrawal limitsLive chat support is not available 24/7International casinoPopular progressive jackpot slotsNo withdrawal limitsLive chat support is not available 24/7,50% up to €50,"['Slots', 'Roulette', 'Blackjack', 'Video poker', 'Bingo', 'Baccarat', 'Jackpot games', 'Live games', 'Craps and dice', 'Scratch cards', 'Crash games']","['Skrill', 'Neteller', 'PaySafeCard', 'VISA', 'Mastercard', 'PayPal', 'Solo', 'VISA Electron']"
CatCasino,Safety Index:Very high,Medium sized international casinoThe casino offers interesting promotions and tournamentsNot all game providers are available for all countriesMedium sized international casinoWithdrawal limit also depends on the deposited amountThe casino offers interesting promotions and tournamentsNot all game providers are available for all countries,100% up to €300 and 150 extra spins (€0.2/spin),"['Slots', 'Roulette', 'Blackjack', 'Video poker', 'Bingo', 'Baccarat', 'Jackpot games', 'Live games', 'Craps and dice', 'Keno', 'Scratch cards']","['Neteller', 'Skrill', 'Payz (ecoPayz) ', 'Mastercard', 'VISA', 'Sofort Banking', 'Maestro', 'Neosurf']"
Bet365 Casino,Safety Index:High,Good selection of gamesStrict and long verification processCompany focuses on sports betting rather than the casinoHuge casino popular worldwideGood selection of gamesCompany focuses on sports betting rather than the casinoStrict and long verification process,N/A,"['Slots', 'Roulette', 'Blackjack', 'Betting', 'Video poker', 'Bingo', 'Baccarat', 'Jackpot games', 'Live games', 'Poker', 'Keno', 'Scratch cards', 'eSports betting']","['Skrill', 'PaySafeCard', 'Payz (ecoPayz) ', 'Mastercard', 'VISA', 'Click2Pay', 'Giropay', 'POLi']"
Casino Extreme,Safety Index:High,The casino is Bitcoin-friendlyBonuses not available for all countriesThe minimum withdrawal amount is €/$ 50Big international casinoThe casino is Bitcoin-friendlyThe minimum withdrawal amount is €/$ 50Bonuses not available for all countries,N/A,"['Slots', 'Roulette', 'Blackjack', 'Video poker', 'Baccarat', 'Jackpot games', 'Live games', 'Keno']","['Skrill', 'Neteller', 'Payz (ecoPayz) ', 'VISA', 'Mastercard', 'American Express', 'Bitcoin', 'Flexepin']"
Brango Casino,Safety Index:High,Medium sized casino popular in United StatesInstant withdrawals after identity verificationOnly one game provider (Real Time Gaming)Medium sized casino popular in United StatesInstant withdrawals after identity verificationCasino accepts players from many countriesOnly one game provider (Real Time Gaming),"1,000% up to $5,000","['Slots', 'Roulette', 'Blackjack', 'Video poker', 'Baccarat', 'Jackpot games', 'Live games', 'Keno']","['Skrill', 'Neteller', 'Payz (ecoPayz) ', 'VISA', 'Mastercard', 'Bitcoin', 'Flexepin', 'Interac']"
Yabby Casino,Safety Index:High,Medium sized casino popular in United StatesInstant withdrawals after identity verificationLive chat is available only after registrationMedium sized casino popular in United StatesInstant withdrawals after identity verificationLive chat is available only after registrationLimited responsible gaming options,N/A,"['Slots', 'Roulette', 'Blackjack', 'Video poker', 'Baccarat', 'Jackpot games', 'Live games', 'Craps and dice', 'Keno']","['Mastercard', 'VISA', 'Bitcoin', 'Ethereum', 'Litecoin', 'Bitcoin Cash', 'Dogecoin', 'Cardano']"
NineCasino,Safety Index:High,Big international casinoGood selection of gamesNot all game providers are available for all countriesBig international casinoLive chat support uses the auto-translate feature for some languagesGood selection of gamesNot all game providers are available for all countries,100% up to A$225 and 250 extra spins (A$0.1/spin),"['Slots', 'Roulette', 'Blackjack', 'Betting', 'Video poker', 'Bingo', 'Baccarat', 'Jackpot games', 'Live games', 'Craps and dice', 'Keno', 'Scratch cards', 'eSports betting', 'Crash games']","['Skrill', 'Neteller', 'PaySafeCard', 'VISA', 'Mastercard', 'Sofort Banking', 'InstaDebit', 'Neosurf']"
Bruno Casino,Safety Index:High,The website uses a translation feature to reach players in many languagesDeposits by cryptocurrencies are acceptedNot all payment methods are available for all countriesThe website uses a translation feature to reach players in many languagesMedium sized international casinoDeposits by cryptocurrencies are acceptedNot all payment methods are available for all countries,100% up to A$150 and 250 extra spins (A$0.1/spin),"['Slots', 'Roulette', 'Blackjack', 'Betting', 'Video poker', 'Bingo', 'Baccarat', 'Jackpot games', 'Live games', 'Craps and dice', 'Keno', 'Scratch cards', 'eSports betting', 'Crash games']","['VISA', 'Mastercard', 'Bitcoin', 'flykk', 'eZeeWallet', 'MiFinity', 'Dogecoin', 'Ethereum']"
Casumo Casino,Safety Index:High,Big casino popular in Europe and ScandinaviaExcellent reputation and many eGaming awardsNot all game providers are available for all countriesBig casino popular in Europe and ScandinaviaExcellent reputation and many eGaming awardsPopular progressive jackpot slotsNot all game providers are available for all countries,100% up to $300 and 20 extra spins ($0.1/spin),"['Slots', 'Roulette', 'Blackjack', 'Betting', 'Video poker', 'Bingo', 'Baccarat', 'Jackpot games', 'Live games', 'Craps and dice', 'Scratch cards', 'eSports betting', 'Crash games']","['Neteller', 'Skrill', 'PaySafeCard', 'Payz (ecoPayz) ', 'VISA', 'Mastercard', 'EuTeller', 'Trustly']"
Limitless Casino,Safety Index:High,Instant withdrawals after identity verificationNo licenseLimited selection of gamesBig international casinoInstant withdrawals after identity verificationLimited selection of gamesNo license,N/A,"['Slots', 'Blackjack', 'Video poker', 'Baccarat', 'Jackpot games', 'Craps and dice', 'Keno']","['VISA', 'Mastercard', 'American Express', 'Bitcoin', 'Litecoin', 'Ethereum', 'Bitcoin Cash', 'Dogecoin']"
Yukon Gold Casino,Safety Index:High,Live chat support uses the auto-translate feature for some languagesGood selection of game providersNot all payment methods are available for all countriesLive chat support uses the auto-translate feature for some languagesBasic account interface is available in other languagesGood selection of game providersNot all payment methods are available for all countries,150 EXTRA SPINS on Mega Money Wheel ($0.1/each),"['Slots', 'Roulette', 'Blackjack', 'Video poker', 'Bingo', 'Baccarat', 'Jackpot games', 'Live games', 'Keno', 'Scratch cards', 'Crash games']","['Skrill', 'Neteller', 'PaySafeCard', 'Payz (ecoPayz) ', 'VISA', 'EntroPay', 'InstaDebit', 'PayPal']"
Luckland Casino,Safety Index:High,Massive selection of games including wide variety of live dealer gamesLive chat support is not available 24/7Low monthly withdrawal limit (7000$/month)Live chat support uses the auto-translate feature for some languagesMassive selection of games including wide variety of live dealer gamesLow monthly withdrawal limit (7000$/month)Live chat support is not available 24/7,100% up to $400 and 200 extra spins ($0.1/spin),"['Slots', 'Roulette', 'Blackjack', 'Betting', 'Video poker', 'Bingo', 'Baccarat', 'Jackpot games', 'Live games', 'Scratch cards', 'eSports betting', 'Crash games']","['Skrill', 'Neteller', 'PaySafeCard', 'Payz (ecoPayz) ', 'Mastercard', 'VISA', 'SOFORT Überweisung', 'Giropay']"
DrueckGlueck Casino,Safety Index:High,International casinoLive dealer games are availableLive chat is available only after registrationInternational casinoLive dealer games are availableLive chat is available only after registrationLive chat support is not available 24/7,100% up to €100 and up to 50 extra spins (€0.1/spin),"['Slots', 'Roulette', 'Blackjack', 'Video poker', 'Bingo', 'Baccarat', 'Jackpot games', 'Live games', 'Craps and dice', 'Scratch cards']","['Neteller', 'Skrill', 'PaySafeCard', 'Payz (ecoPayz) ', 'VISA', 'Mastercard', 'PayPal', 'Trustly']"
HeySpin Casino,Safety Index:High,Casino is part of the Aspire Global group of casinosWide variety of live dealer gamesLow monthly withdrawal limit in some countriesCasino is part of the Aspire Global group of casinosSmall casino popular in EuropeWide variety of live dealer gamesLow monthly withdrawal limit in some countries,100% up to $200 and 20 extra spins ($0.1/spin),"['Slots', 'Roulette', 'Blackjack', 'Betting', 'Video poker', 'Bingo', 'Baccarat', 'Jackpot games', 'Live games', 'Scratch cards', 'eSports betting', 'Crash games']","['Neteller', 'Skrill', 'PaySafeCard', 'Payz (ecoPayz) ', 'Mastercard', 'VISA', 'Giropay', 'InstaDebit']"
PlayOJO Casino,Safety Index:High,Exclusive feature that gives players money back on every betNo wagering requirements on any of the promotionsLive chat is available only after registrationExclusive feature that gives players money back on every betNo wagering requirements on any of the promotionsLive chat is available only after registrationLive chat support is not available 24/7,50 EXTRA SPINS on Book of Dead ($0.1/each),"['Slots', 'Roulette', 'Blackjack', 'Video poker', 'Bingo', 'Baccarat', 'Jackpot games', 'Live games', 'Craps and dice', 'Scratch cards']","['Skrill', 'PaySafeCard', 'VISA', 'Mastercard', 'PayPal', 'Trustly', 'ApplePay', 'MuchBetter']"
Captain Cooks Casino,Safety Index:High,Good selection of gamesFees associated with some withdrawal methodsSoftware provider filter not availableBasic account interface is available in other languagesGood selection of gamesFees associated with some withdrawal methodsSoftware provider filter not available,100 EXTRA SPINS on Progressive Jackpot Slots ($0.25/each),"['Slots', 'Roulette', 'Blackjack', 'Video poker', 'Bingo', 'Baccarat', 'Jackpot games', 'Live games', 'Keno', 'Scratch cards', 'Crash games']","['Neteller', 'Skrill', 'PaySafeCard', 'Payz (ecoPayz) ', 'EntroPay', 'VISA', 'InstaDebit', 'PayPal']"
Grand Mondial Casino,Safety Index:High,Good selection of gamesNot all payment methods are available for all countriesFees associated with some withdrawal methodsBasic account interface is available in other languagesGood selection of gamesNot all payment methods are available for all countriesFees associated with some withdrawal methods,150 EXTRA SPINS on Mega Money Wheel ($0.25/each),"['Slots', 'Roulette', 'Blackjack', 'Video poker', 'Bingo', 'Baccarat', 'Jackpot games', 'Live games', 'Keno', 'Scratch cards', 'Crash games']","['Neteller', 'Skrill', 'PaySafeCard', 'Payz (ecoPayz) ', 'EntroPay', 'VISA', 'InstaDebit', 'EPS']"
