title,href
LeBron sets minutes mark in worst loss of career,/nba/story/_/id/38995940/lebron-james-becomes-nba-all-leader-minutes-played
Westbrook on fan dispute: 'Won't allow' disrespect,/nba/story/_/id/38996420/russell-westbrook-heated-exchange-fan-end-clippers-home-loss-nuggets
Doncic has thumb sprain but cleared to play,/nba/story/_/id/38992658/mavericks-luka-doncic-thumb-sprain-cleared-play
Green says he doesn't regret Gobert headlock,/nba/story/_/id/38987498/draymond-green-says-regret-incident-rudy-gobert
Porzingis (calf strain) to be reevaluated in 1 week,/nba/story/_/id/38986634/kristaps-porzingis-calf-strain-reevaluated-1-week
Way-too-early award predictions,/nba/insider/story/_/id/38953048/our-nba-experts-make-their-way-too-early-predictions-2023-24-awards
LeBron sets minutes mark in worst loss of career,/nba/story/_/id/38995940/lebron-james-becomes-nba-all-leader-minutes-played
Westbrook on fan dispute: 'Won't allow' disrespect,/nba/story/_/id/38996420/russell-westbrook-heated-exchange-fan-end-clippers-home-loss-nuggets
Doncic has thumb sprain but cleared to play,/nba/story/_/id/38992658/mavericks-luka-doncic-thumb-sprain-cleared-play
Green says he doesn't regret Gobert headlock,/nba/story/_/id/38987498/draymond-green-says-regret-incident-rudy-gobert
Porzingis (calf strain) to be reevaluated in 1 week,/nba/story/_/id/38986634/kristaps-porzingis-calf-strain-reevaluated-1-week
Way-too-early award predictions,/nba/insider/story/_/id/38953048/our-nba-experts-make-their-way-too-early-predictions-2023-24-awards
